"","Sub_Cat","Subject","Word/(s)","Frequency","Category"
"1",1,"MoC_adrian.dieni","leave",1,"Media_Communications"
"2",1,"MoC_adrian.dieni","16",14,"Low_Risk"
"3",1,"MoC_alison.tarchichi","killing",6,"Organised_Crime"
"4",2,"MoC_alison.tarchichi","shooting",1,"Organised_Crime"
"5",3,"MoC_alison.tarchichi","patch",1,"Organised_Crime"
"6",1,"MoC_alison.tarchichi","leave",22,"Media_Communications"
"7",2,"MoC_alison.tarchichi","contact",3,"Media_Communications"
"8",1,"MoC_alison.tarchichi","shitty",1,"Important_Persons"
"9",1,"MoC_alison.tarchichi","wtf",2,"High_Risk"
"10",2,"MoC_alison.tarchichi","damn",1,"High_Risk"
"11",1,"MoC_alison.tarchichi","556",149,"Low_Risk"
"12",1,"MoC_amanda.dorn","leave",8,"Media_Communications"
"13",2,"MoC_amanda.dorn","contact",2,"Media_Communications"
"14",3,"MoC_amanda.dorn","vacation",1,"Media_Communications"
"15",1,"MoC_amanda.dorn","bitch",1,"Important_Persons"
"16",1,"MoC_amanda.dorn","hell",2,"High_Risk"
"17",2,"MoC_amanda.dorn","bitch",1,"High_Risk"
"18",1,"MoC_amanda.dorn","296",122,"Low_Risk"
"19",1,"MoC_anastasios.polas","leave",6,"Media_Communications"
"20",2,"MoC_anastasios.polas","holiday",1,"Media_Communications"
"21",3,"MoC_anastasios.polas","contact",1,"Media_Communications"
"22",1,"MoC_anastasios.polas","52",33,"Low_Risk"
"23",1,"MoC_andrew.long","revolver",2,"Organised_Crime"
"24",2,"MoC_andrew.long","cuts",1,"Organised_Crime"
"25",1,"MoC_andrew.long","leave",11,"Media_Communications"
"26",2,"MoC_andrew.long","contact",2,"Media_Communications"
"27",3,"MoC_andrew.long","holiday",1,"Media_Communications"
"28",1,"MoC_andrew.long","ass",2,"High_Risk"
"29",1,"MoC_andrew.long","210",121,"Low_Risk"
"30",1,"MoC_antonia.mammoliti","leave",5,"Media_Communications"
"31",1,"MoC_antonia.mammoliti","15",9,"Low_Risk"
"32",1,"MoC_arshad.farooky","killing",1,"Organised_Crime"
"33",1,"MoC_arshad.farooky","leave",7,"Media_Communications"
"34",2,"MoC_arshad.farooky","urgent",1,"Media_Communications"
"35",1,"MoC_arshad.farooky","78",44,"Low_Risk"
"36",1,"MoC_athena.siatos","contact",1,"Media_Communications"
"37",1,"MoC_athena.siatos","2",2,"Low_Risk"
"38",1,"MoC_athena.siatos","0",0,"Low_Risk"
"39",1,"MoC_berhani.mehari","shooting",1,"Organised_Crime"
"40",1,"MoC_berhani.mehari","urgent",1,"Media_Communications"
"41",1,"MoC_berhani.mehari","13",11,"Low_Risk"
"42",1,"MoC_callum.bizimovski","killing",2,"Organised_Crime"
"43",2,"MoC_callum.bizimovski","slaughter",1,"Organised_Crime"
"44",1,"MoC_callum.bizimovski","leave",18,"Media_Communications"
"45",2,"MoC_callum.bizimovski","contact",12,"Media_Communications"
"46",3,"MoC_callum.bizimovski","holiday",1,"Media_Communications"
"47",4,"MoC_callum.bizimovski","urgent",1,"Media_Communications"
"48",1,"MoC_callum.bizimovski","shit",2,"Important_Persons"
"49",1,"MoC_callum.bizimovski","hell",3,"High_Risk"
"50",2,"MoC_callum.bizimovski","damn",3,"High_Risk"
"51",3,"MoC_callum.bizimovski","shit",2,"High_Risk"
"52",4,"MoC_callum.bizimovski","prick",1,"High_Risk"
"53",1,"MoC_callum.bizimovski","482",136,"Low_Risk"
"54",1,"MoC_carly.illman","colours",2,"Organised_Crime"
"55",2,"MoC_carly.illman","guns",1,"Organised_Crime"
"56",3,"MoC_carly.illman","rape",1,"Organised_Crime"
"57",4,"MoC_carly.illman","killing",1,"Organised_Crime"
"58",5,"MoC_carly.illman","patch",1,"Organised_Crime"
"59",1,"MoC_carly.illman","leave",6,"Media_Communications"
"60",2,"MoC_carly.illman","contact",3,"Media_Communications"
"61",3,"MoC_carly.illman","holiday",1,"Media_Communications"
"62",1,"MoC_carly.illman","boobs",2,"Important_Persons"
"63",1,"MoC_carly.illman","damn",3,"High_Risk"
"64",2,"MoC_carly.illman","rape",1,"High_Risk"
"65",3,"MoC_carly.illman","fraud",1,"High_Risk"
"66",4,"MoC_carly.illman","hell",1,"High_Risk"
"67",1,"MoC_carly.illman","171",88,"Low_Risk"
"68",1,"MoC_chennie.lauw","leave",1,"Media_Communications"
"69",1,"MoC_chennie.lauw","55",37,"Low_Risk"
"70",1,"MoC_christina.symes","contact",4,"Media_Communications"
"71",2,"MoC_christina.symes","leave",3,"Media_Communications"
"72",3,"MoC_christina.symes","returning",1,"Media_Communications"
"73",4,"MoC_christina.symes","holiday",1,"Media_Communications"
"74",1,"MoC_christina.symes","31",13,"Low_Risk"
"75",1,"MoC_daniel.moo","guns",1,"Organised_Crime"
"76",2,"MoC_daniel.moo","patches",1,"Organised_Crime"
"77",1,"MoC_daniel.moo","leave",13,"Media_Communications"
"78",2,"MoC_daniel.moo","holiday",7,"Media_Communications"
"79",3,"MoC_daniel.moo","contact",2,"Media_Communications"
"80",4,"MoC_daniel.moo","urgent",1,"Media_Communications"
"81",1,"MoC_daniel.moo","shit",23,"Important_Persons"
"82",1,"MoC_daniel.moo","wtf",38,"High_Risk"
"83",2,"MoC_daniel.moo","shit",23,"High_Risk"
"84",3,"MoC_daniel.moo","hell",8,"High_Risk"
"85",4,"MoC_daniel.moo","pissed",3,"High_Risk"
"86",5,"MoC_daniel.moo","fraud",2,"High_Risk"
"87",6,"MoC_daniel.moo","ass",1,"High_Risk"
"88",7,"MoC_daniel.moo","damnit",1,"High_Risk"
"89",8,"MoC_daniel.moo","damn",1,"High_Risk"
"90",1,"MoC_daniel.moo","358",130,"Low_Risk"
"91",1,"MoC_david.wallwood","murder",1,"Organised_Crime"
"92",1,"MoC_david.wallwood","leave",12,"Media_Communications"
"93",2,"MoC_david.wallwood","contact",3,"Media_Communications"
"94",3,"MoC_david.wallwood","returning",1,"Media_Communications"
"95",4,"MoC_david.wallwood","holiday",1,"Media_Communications"
"96",1,"MoC_david.wallwood","194",90,"Low_Risk"
"97",1,"MoC_eviaty.eviaty","knife",1,"Organised_Crime"
"98",1,"MoC_eviaty.eviaty","leave",6,"Media_Communications"
"99",2,"MoC_eviaty.eviaty","contact",3,"Media_Communications"
"100",3,"MoC_eviaty.eviaty","holiday",3,"Media_Communications"
"101",1,"MoC_eviaty.eviaty","52",21,"Low_Risk"
"102",1,"MoC_ilaisaane.tuifua","killing",1,"Organised_Crime"
"103",1,"MoC_ilaisaane.tuifua","leave",29,"Media_Communications"
"104",2,"MoC_ilaisaane.tuifua","contact",4,"Media_Communications"
"105",3,"MoC_ilaisaane.tuifua","urgent",2,"Media_Communications"
"106",1,"MoC_ilaisaane.tuifua","shit",1,"Important_Persons"
"107",2,"MoC_ilaisaane.tuifua","bomb",1,"Important_Persons"
"108",1,"MoC_ilaisaane.tuifua","shit",1,"High_Risk"
"109",2,"MoC_ilaisaane.tuifua","damn",1,"High_Risk"
"110",3,"MoC_ilaisaane.tuifua","wtf",1,"High_Risk"
"111",1,"MoC_ilaisaane.tuifua","250",78,"Low_Risk"
"112",1,"MoC_iliaseri.nadredre","leave",2,"Media_Communications"
"113",2,"MoC_iliaseri.nadredre","contact",1,"Media_Communications"
"114",1,"MoC_iliaseri.nadredre","19",12,"Low_Risk"
"115",1,"MoC_ivan.gavric","colours",1,"Organised_Crime"
"116",1,"MoC_ivan.gavric","leave",17,"Media_Communications"
"117",2,"MoC_ivan.gavric","returning",1,"Media_Communications"
"118",3,"MoC_ivan.gavric","urgent",1,"Media_Communications"
"119",4,"MoC_ivan.gavric","contact",1,"Media_Communications"
"120",5,"MoC_ivan.gavric","holiday",1,"Media_Communications"
"121",1,"MoC_ivan.gavric","bomb",1,"Important_Persons"
"122",1,"MoC_ivan.gavric","damn",6,"High_Risk"
"123",2,"MoC_ivan.gavric","wtf",1,"High_Risk"
"124",1,"MoC_ivan.gavric","232",113,"Low_Risk"
"125",1,"MoC_jessica.coffen","cuts",1,"Organised_Crime"
"126",1,"MoC_jessica.coffen","leave",10,"Media_Communications"
"127",1,"MoC_jessica.coffen","63",30,"Low_Risk"
"128",1,"MoC_june.harris","leave",3,"Media_Communications"
"129",2,"MoC_june.harris","contact",3,"Media_Communications"
"130",3,"MoC_june.harris","holiday",2,"Media_Communications"
"131",1,"MoC_june.harris","70",28,"Low_Risk"
"132",1,"MoC_katerina.lentakis","shooters",1,"Organised_Crime"
"133",2,"MoC_katerina.lentakis","murdered",1,"Organised_Crime"
"134",3,"MoC_katerina.lentakis","murder",1,"Organised_Crime"
"135",1,"MoC_katerina.lentakis","leave",7,"Media_Communications"
"136",2,"MoC_katerina.lentakis","urgent",3,"Media_Communications"
"137",3,"MoC_katerina.lentakis","contact",2,"Media_Communications"
"138",4,"MoC_katerina.lentakis","holiday",1,"Media_Communications"
"139",1,"MoC_katerina.lentakis","damn",7,"High_Risk"
"140",2,"MoC_katerina.lentakis","hell",2,"High_Risk"
"141",3,"MoC_katerina.lentakis","wtf",1,"High_Risk"
"142",1,"MoC_katerina.lentakis","351",108,"Low_Risk"
"143",1,"MoC_kenneth.wee","leave",1,"Media_Communications"
"144",2,"MoC_kenneth.wee","urgent",1,"Media_Communications"
"145",1,"MoC_kenneth.wee","23",18,"Low_Risk"
"146",1,"MoC_kristen.male","killing",3,"Organised_Crime"
"147",2,"MoC_kristen.male","strangle",1,"Organised_Crime"
"148",3,"MoC_kristen.male","cuts",1,"Organised_Crime"
"149",4,"MoC_kristen.male","weapon",1,"Organised_Crime"
"150",1,"MoC_kristen.male","leave",20,"Media_Communications"
"151",2,"MoC_kristen.male","contact",5,"Media_Communications"
"152",3,"MoC_kristen.male","urgent",2,"Media_Communications"
"153",4,"MoC_kristen.male","returning",2,"Media_Communications"
"154",1,"MoC_kristen.male","douche",1,"Important_Persons"
"155",2,"MoC_kristen.male","bomb",1,"Important_Persons"
"156",1,"MoC_kristen.male","hell",5,"High_Risk"
"157",2,"MoC_kristen.male","damn",4,"High_Risk"
"158",1,"MoC_kristen.male","404",128,"Low_Risk"
"159",1,"MoC_laura.fania","leave",20,"Media_Communications"
"160",2,"MoC_laura.fania","holiday",2,"Media_Communications"
"161",3,"MoC_laura.fania","vacation",1,"Media_Communications"
"162",4,"MoC_laura.fania","urgent",1,"Media_Communications"
"163",1,"MoC_laura.fania","damn",1,"High_Risk"
"164",1,"MoC_laura.fania","178",72,"Low_Risk"
"165",1,"MoC_leila.salem","leave",7,"Media_Communications"
"166",1,"MoC_leila.salem","ass",1,"High_Risk"
"167",1,"MoC_leila.salem","52",29,"Low_Risk"
"168",1,"MoC_lenka.simic","colours",1,"Organised_Crime"
"169",1,"MoC_lenka.simic","leave",6,"Media_Communications"
"170",2,"MoC_lenka.simic","urgent",2,"Media_Communications"
"171",1,"MoC_lenka.simic","69",27,"Low_Risk"
"172",1,"MoC_lisa.cozis","killing",1,"Organised_Crime"
"173",1,"MoC_lisa.cozis","leave",16,"Media_Communications"
"174",2,"MoC_lisa.cozis","urgent",5,"Media_Communications"
"175",3,"MoC_lisa.cozis","contact",3,"Media_Communications"
"176",1,"MoC_lisa.cozis","shit",3,"Important_Persons"
"177",1,"MoC_lisa.cozis","damn",4,"High_Risk"
"178",2,"MoC_lisa.cozis","shit",3,"High_Risk"
"179",3,"MoC_lisa.cozis","wtf",3,"High_Risk"
"180",4,"MoC_lisa.cozis","ass",1,"High_Risk"
"181",1,"MoC_lisa.cozis","327",107,"Low_Risk"
"182",1,"MoC_lisa.easton","colours",2,"Organised_Crime"
"183",1,"MoC_lisa.easton","leave",17,"Media_Communications"
"184",2,"MoC_lisa.easton","contact",1,"Media_Communications"
"185",1,"MoC_lisa.easton","fag",1,"Important_Persons"
"186",1,"MoC_lisa.easton","80",43,"Low_Risk"
"187",1,"MoC_maida.smajlagic","colours",2,"Organised_Crime"
"188",2,"MoC_maida.smajlagic","killing",1,"Organised_Crime"
"189",1,"MoC_maida.smajlagic","leave",16,"Media_Communications"
"190",2,"MoC_maida.smajlagic","contact",5,"Media_Communications"
"191",3,"MoC_maida.smajlagic","holiday",1,"Media_Communications"
"192",1,"MoC_maida.smajlagic","shit",2,"Important_Persons"
"193",1,"MoC_maida.smajlagic","hell",2,"High_Risk"
"194",2,"MoC_maida.smajlagic","shit",2,"High_Risk"
"195",3,"MoC_maida.smajlagic","damn",1,"High_Risk"
"196",1,"MoC_maida.smajlagic","170",78,"Low_Risk"
"197",1,"MoC_maranina.koerntjes","leave",26,"Media_Communications"
"198",2,"MoC_maranina.koerntjes","contact",23,"Media_Communications"
"199",3,"MoC_maranina.koerntjes","urgent",1,"Media_Communications"
"200",1,"MoC_maranina.koerntjes","shit",1,"Important_Persons"
"201",1,"MoC_maranina.koerntjes","damn",4,"High_Risk"
"202",2,"MoC_maranina.koerntjes","shit",1,"High_Risk"
"203",3,"MoC_maranina.koerntjes","fraud",1,"High_Risk"
"204",1,"MoC_maranina.koerntjes","332",117,"Low_Risk"
"205",1,"MoC_mary.mcgibbon","leave",14,"Media_Communications"
"206",2,"MoC_mary.mcgibbon","returning",1,"Media_Communications"
"207",1,"MoC_mary.mcgibbon","103",59,"Low_Risk"
"208",1,"MoC_maxine.singlewood","bullet",1,"Organised_Crime"
"209",2,"MoC_maxine.singlewood","patches",1,"Organised_Crime"
"210",1,"MoC_maxine.singlewood","leave",12,"Media_Communications"
"211",2,"MoC_maxine.singlewood","holiday",3,"Media_Communications"
"212",3,"MoC_maxine.singlewood","contact",1,"Media_Communications"
"213",1,"MoC_maxine.singlewood","shit",2,"Important_Persons"
"214",2,"MoC_maxine.singlewood","arse",1,"Important_Persons"
"215",1,"MoC_maxine.singlewood","shit",2,"High_Risk"
"216",2,"MoC_maxine.singlewood","damn",1,"High_Risk"
"217",3,"MoC_maxine.singlewood","hell",1,"High_Risk"
"218",4,"MoC_maxine.singlewood","piss",1,"High_Risk"
"219",1,"MoC_maxine.singlewood","118",70,"Low_Risk"
"220",1,"MoC_michelle.munro","leave",10,"Media_Communications"
"221",2,"MoC_michelle.munro","contact",5,"Media_Communications"
"222",1,"MoC_michelle.munro","fraud",1,"High_Risk"
"223",1,"MoC_michelle.munro","149",67,"Low_Risk"
"224",1,"MoC_mira.mouawad","leave",2,"Media_Communications"
"225",2,"MoC_mira.mouawad","urgent",1,"Media_Communications"
"226",3,"MoC_mira.mouawad","contact",1,"Media_Communications"
"227",4,"MoC_mira.mouawad","returning",1,"Media_Communications"
"228",1,"MoC_mira.mouawad","27",17,"Low_Risk"
"229",1,"MoC_natalie.dawson","colours",2,"Organised_Crime"
"230",2,"MoC_natalie.dawson","cuts",2,"Organised_Crime"
"231",3,"MoC_natalie.dawson","weapons",1,"Organised_Crime"
"232",4,"MoC_natalie.dawson","killed",1,"Organised_Crime"
"233",5,"MoC_natalie.dawson","guns",1,"Organised_Crime"
"234",6,"MoC_natalie.dawson","steyr",1,"Organised_Crime"
"235",7,"MoC_natalie.dawson","weapon",1,"Organised_Crime"
"236",8,"MoC_natalie.dawson","sniper",1,"Organised_Crime"
"237",9,"MoC_natalie.dawson","killing",1,"Organised_Crime"
"238",1,"MoC_natalie.dawson","leave",19,"Media_Communications"
"239",2,"MoC_natalie.dawson","holiday",6,"Media_Communications"
"240",3,"MoC_natalie.dawson","returning",1,"Media_Communications"
"241",1,"MoC_natalie.dawson","shit",1,"Important_Persons"
"242",2,"MoC_natalie.dawson","bomb",1,"Important_Persons"
"243",1,"MoC_natalie.dawson","damn",2,"High_Risk"
"244",2,"MoC_natalie.dawson","shit",1,"High_Risk"
"245",1,"MoC_natalie.dawson","310",132,"Low_Risk"
"246",1,"MoC_nicole.dekoke","leave",4,"Media_Communications"
"247",2,"MoC_nicole.dekoke","urgent",1,"Media_Communications"
"248",1,"MoC_nicole.dekoke","53",25,"Low_Risk"
"249",1,"MoC_prue.easton","colours",1,"Organised_Crime"
"250",1,"MoC_prue.easton","leave",12,"Media_Communications"
"251",2,"MoC_prue.easton","contact",5,"Media_Communications"
"252",1,"MoC_prue.easton","shit",1,"Important_Persons"
"253",1,"MoC_prue.easton","shit",1,"High_Risk"
"254",2,"MoC_prue.easton","wtf",1,"High_Risk"
"255",3,"MoC_prue.easton","hell",1,"High_Risk"
"256",1,"MoC_prue.easton","223",86,"Low_Risk"
"257",1,"MoC_recep.yerlikaya","leave",5,"Media_Communications"
"258",2,"MoC_recep.yerlikaya","contact",4,"Media_Communications"
"259",1,"MoC_recep.yerlikaya","fraudulent",1,"High_Risk"
"260",1,"MoC_recep.yerlikaya","35",16,"Low_Risk"
"261",1,"MoC_ruth.stevens","contact",2,"Media_Communications"
"262",1,"MoC_ruth.stevens","16",8,"Low_Risk"
"263",1,"MoC_sailesh.sharma","torture",2,"Organised_Crime"
"264",2,"MoC_sailesh.sharma","tortured",1,"Organised_Crime"
"265",1,"MoC_sailesh.sharma","leave",12,"Media_Communications"
"266",2,"MoC_sailesh.sharma","holiday",3,"Media_Communications"
"267",3,"MoC_sailesh.sharma","urgent",1,"Media_Communications"
"268",1,"MoC_sailesh.sharma","pissed",2,"High_Risk"
"269",2,"MoC_sailesh.sharma","torture",2,"High_Risk"
"270",3,"MoC_sailesh.sharma","damn",1,"High_Risk"
"271",4,"MoC_sailesh.sharma","fraud",1,"High_Risk"
"272",5,"MoC_sailesh.sharma","tortured",1,"High_Risk"
"273",6,"MoC_sailesh.sharma","wtf",1,"High_Risk"
"274",1,"MoC_sailesh.sharma","154",86,"Low_Risk"
"275",1,"MoC_sara.laureti","torture",1,"Organised_Crime"
"276",1,"MoC_sara.laureti","leave",8,"Media_Communications"
"277",2,"MoC_sara.laureti","contact",1,"Media_Communications"
"278",3,"MoC_sara.laureti","holiday",1,"Media_Communications"
"279",1,"MoC_sara.laureti","fraud",3,"High_Risk"
"280",2,"MoC_sara.laureti","wtf",3,"High_Risk"
"281",3,"MoC_sara.laureti","damn",2,"High_Risk"
"282",4,"MoC_sara.laureti","torture",1,"High_Risk"
"283",1,"MoC_sara.laureti","211",103,"Low_Risk"
"284",1,"MoC_sara.nipperus","killing",1,"Organised_Crime"
"285",1,"MoC_sara.nipperus","3",3,"Low_Risk"
"286",1,"MoC_stacie.cooper","contact",12,"Media_Communications"
"287",2,"MoC_stacie.cooper","leave",2,"Media_Communications"
"288",3,"MoC_stacie.cooper","returning",1,"Media_Communications"
"289",1,"MoC_stacie.cooper","damn",2,"High_Risk"
"290",2,"MoC_stacie.cooper","hell",2,"High_Risk"
"291",3,"MoC_stacie.cooper","fraudulent",2,"High_Risk"
"292",1,"MoC_stacie.cooper","217",87,"Low_Risk"
"293",1,"MoC_suzanne.mychael","leave",1,"Media_Communications"
"294",1,"MoC_suzanne.mychael","10",8,"Low_Risk"
"295",1,"MoC_tanya.schmidt","leave",5,"Media_Communications"
"296",2,"MoC_tanya.schmidt","contact",3,"Media_Communications"
"297",3,"MoC_tanya.schmidt","holiday",1,"Media_Communications"
"298",1,"MoC_tanya.schmidt","damn",1,"High_Risk"
"299",1,"MoC_tanya.schmidt","103",50,"Low_Risk"
"300",1,"MoC_terrie.portis","contact",2,"Media_Communications"
"301",2,"MoC_terrie.portis","leave",1,"Media_Communications"
"302",1,"MoC_terrie.portis","9",9,"Low_Risk"
"303",1,"MoC_therese.wilson","contact",6,"Media_Communications"
"304",2,"MoC_therese.wilson","leave",5,"Media_Communications"
"305",3,"MoC_therese.wilson","urgent",1,"Media_Communications"
"306",1,"MoC_therese.wilson","86",44,"Low_Risk"
"307",1,"MoC_xinwei.kong","leave",1,"Media_Communications"
"308",2,"MoC_xinwei.kong","contact",1,"Media_Communications"
"309",1,"MoC_xinwei.kong","24",15,"Low_Risk"
"310",1,"MoC_zeba.sirguroh","leave",1,"Media_Communications"
"311",2,"MoC_zeba.sirguroh","contact",1,"Media_Communications"
"312",1,"MoC_zeba.sirguroh","0",0,"Low_Risk"
"313",1,"MoC_zeba.sirguroh","21",11,"Low_Risk"
