"","X","Freq","Word","Score"
"255","fucked",24,"fucked",-4
"357","pissing",12,"pissing",-3
"408","disputes",9,"disputes",-2
"423","suspecting",9,"suspecting",-1
"452","prosecute",8,"prosecute",-1
"455","asshole",7,"asshole",-4
"497","fuming",6,"fuming",-2
"500","bastards",6,"bastards",-5
"506","outrage",6,"outrage",-3
"520","constrained",6,"constrained",-2
"543","choked",5,"choked",-2
"552","cock",5,"cock",-5
"561","flops",5,"flops",-2
"564","prosecuted",5,"prosecuted",-2
"569","cowardly",5,"cowardly",-2
"575","vile",5,"vile",-3
"576","discard",5,"discard",-1
"580","bitches",4,"bitches",-5
"585","fucker",4,"fucker",-4
"590","misinterpreted",4,"misinterpreted",-2
"592","resigns",4,"resigns",-1
"607","rants",4,"rants",-3
"613","imposing",4,"imposing",-1
"614","slavery",4,"slavery",-3
"620","pessimistic",4,"pessimistic",-2
"622","horrified",4,"horrified",-3
"628","timid",4,"timid",-2
"629","craziest",3,"craziest",-2
"645","whore",3,"whore",-4
"659","uneasy",3,"uneasy",-2
"665","discarding",3,"discarding",-1
"672","undermine",3,"undermine",-2
"677","resentful",3,"resentful",-2
"678","sulking",3,"sulking",-2
"680","destructive",3,"destructive",-3
"681","disparaging",3,"disparaging",-2
"686","neglect",3,"neglect",-2
"693","collide",3,"collide",-1
"697","tits",3,"tits",-2
"698","skeptical",3,"skeptical",-2
"701","abused",2,"abused",-3
"703","cunt",2,"cunt",-5
"711","pretends",2,"pretends",-1
"714","riots",2,"riots",-2
"721","greed",2,"greed",-3
"723","steals",2,"steals",-2
"725","dirtiest",2,"dirtiest",-2
"727","angers",2,"angers",-3
"729","censor",2,"censor",-2
"730","motherfucker",2,"motherfucker",-5
"731","scold",2,"scold",-2
"734","ashame",2,"ashame",-2
"735","cheats",2,"cheats",-3
"737","disqualified",2,"disqualified",-2
"740","forgetful",2,"forgetful",-2
"746","disguised",2,"disguised",-1
"754","sulky",2,"sulky",-2
"755","wanker",2,"wanker",-3
"766","neglecting",2,"neglecting",-2
"767","rapist",2,"rapist",-4
"776","agonised",2,"agonised",-3
"782","indifference",2,"indifference",-2
"784","smear",2,"smear",-2
"790","denies",2,"denies",-2
"791","douchebag",2,"douchebag",-3
"792","fad",2,"fad",-2
"796","prisoner",2,"prisoner",-2
"798","degrade",2,"degrade",-2
"800","lags",2,"lags",-2
"803","shocks",2,"shocks",-2
"805","fatalities",2,"fatalities",-3
"808","animosity",1,"animosity",-2
"809","belittle",1,"belittle",-2
"810","contestable",1,"contestable",-2
"813","fraudsters",1,"fraudsters",-4
"818","obstacle",1,"obstacle",-2
"819","petrified",1,"petrified",-2
"824","agonizing",1,"agonizing",-3
"826","exaggerates",1,"exaggerates",-2
"827","overreacted",1,"overreacted",-2
"828","strangled",1,"strangled",-2
"832","disappoints",1,"disappoints",-2
"834","eery",1,"eery",-2
"837","funerals",1,"funerals",-1
"838","hapless",1,"hapless",-2
"839","provoked",1,"provoked",-1
"845","complacent",1,"complacent",-2
"846","contending",1,"contending",-1
"847","controversially",1,"controversially",-2
"858","unintelligent",1,"unintelligent",-2
"862","condemn",1,"condemn",-2
"863","cynic",1,"cynic",-2
"867","eerie",1,"eerie",-2
"871","mongering",1,"mongering",-2
"873","appalled",1,"appalled",-2
"875","deception",1,"deception",-3
"879","dubious",1,"dubious",-2
"880","fuking",1,"fuking",-4
"881","harmful",1,"harmful",-2
"882","hypocritical",1,"hypocritical",-2
"885","jackass",1,"jackass",-4
"887","oppressed",1,"oppressed",-2
"890","punitive",1,"punitive",-2
"899","discredited",1,"discredited",-2
"900","disruptions",1,"disruptions",-2
"901","fiasco",1,"fiasco",-3
"902","obstacles",1,"obstacles",-2
"903","poised",1,"poised",-2
"906","provoke",1,"provoke",-1
"910","worsened",1,"worsened",-3
"911","abhor",1,"abhor",-3
"913","catastrophic",1,"catastrophic",-4
"915","colluding",1,"colluding",-3
"916","contempt",1,"contempt",-2
"917","crestfallen",1,"crestfallen",-2
"918","deficit",1,"deficit",-2
"919","destroys",1,"destroys",-3
"921","discards",1,"discards",-1
"926","dumbass",1,"dumbass",-3
"927","exploiting",1,"exploiting",-2
"928","fuckers",1,"fuckers",-4
"931","lethargy",1,"lethargy",-2
"935","poverty",1,"poverty",-1
"937","unsophisticated",1,"unsophisticated",-2
"938","wavering",1,"wavering",-1
"939","zealots",1,"zealots",-2
"941","accusation",1,"accusation",-2
"944","averts",1,"averts",-1
"945","betrayal",1,"betrayal",-3
"947","deafening",1,"deafening",-1
"948","derailed",1,"derailed",-2
"949","disappointments",1,"disappointments",-2
"951","disoriented",1,"disoriented",-2
"952","fag",1,"fag",-3
"953","fakes",1,"fakes",-3
"955","frauds",1,"frauds",-4
"960","misreporting",1,"misreporting",-2
"961","moans",1,"moans",-2
"962","obliterated",1,"obliterated",-2
"963","persecuting",1,"persecuting",-2
"967","slut",1,"slut",-5
"969","unjust",1,"unjust",-2
"971","clouded",1,"clouded",-1
"972","colliding",1,"colliding",-1
"973","defiant",1,"defiant",-1
"974","dipshit",1,"dipshit",-3
"975","discouraged",1,"discouraged",-2
"978","expose",1,"expose",-1
"980","fuked",1,"fuked",-4
"983","inaction",1,"inaction",-2
"984","inflamed",1,"inflamed",-2
"986","pessimism",1,"pessimism",-2
"988","regretful",1,"regretful",-2
"990","sceptical",1,"sceptical",-2
"994","warns",1,"warns",-2
